Rank,Title,Lifetime Gross,Year,Genre,Country,Director,Director Gender,Writer,Writer Gender,Company,imdb rating,RT critic,RT general,Franchise,Readaption,Media Adaption,Budget
1,Avatar,"$2,847,246,203.00",2009,"Action, Adventure, Fantasy",USA,James Cameron,M,James Cameron,M,20th Century Fox,7.8,82%,82%,no,no,no,"237,000,000.00"
2,Avengers: Endgame,"$2,797,501,328.00",2019,"Action, Adventure, Drama",USA,"Anthony Russo, Joe Russo","M, M","Christopher Markus, Stephen McFeely","M, M",Marvel Studios,8.4,94%,90%,yes,no,yes,"356,000,000.00"
3,Titanic,"$2,201,647,264.00",1997,"Drama, Romance",USA,James Cameron,M,James Cameron,M,"Paramount Pictures, 20th Century Fox",7.8,89%,69%,no,no,no,"200,000,000.00"
4,Star Wars: Episode VII - The Force Awakens,"$2,069,521,700.00",2015,"Action, Adventure, Sci-Fi",USA,J. J. Abrams,M,"Lawrence Kasdan, J. J. Abrams, Michael Arndt","M, M, M",Walt Disney Studios,7.8,93%,85%,yes,no,no,"306,000,000.00"
5,Avengers: Infinity War,"$2,048,359,754.00",2018,"Action, Adventure, Sci-Fi",USA,"Anthony Russo, Joe Russo","M, M","Christopher Markus, Stephen McFeely","M, M",Marvel Studios,8.4,85%,91%,yes,no,yes,"316,000,000.00"
6,Spider-Man: No Way Home,"$1,775,951,607.00",2021,"Action, Adventure, Fantasy",USA,Jon Watts,M,"Chris McKenna, Erik Sommers","M, M","Columbia Pictures, Marvel Studios",8.7,93%,98%,yes,no,yes,"200,000,000.00"
7,Jurassic World,"$1,670,516,444.00",2015,"Action, Adventure, Sci-Fi",USA,Colin Trevorrow,M,"Rick Jaffa, Amanda Silver, Derek Connolly, Colin Trevorrow","M, F, M, M","Amblin Entertainment, Legendary Pictures, The Kennedy/Marshall Company",7.0,71%,78%,yes,yes,yes,"150,000,000.00"
8,The Lion King,"$1,662,899,439.00",2019,"Animation, Adventure, Drama",USA,Jon Favreau,M,"Irene Mecchi, Jonathan Roberts, Linda Woolverton","F, M, F","Walt Disney Pictures, Fairview Entertainment",6.8,52%,88%,no,yes,no,"260,000,000.00"
9,The Avengers,"$1,518,815,515.00",2012,"Action, Adventure, Sci-Fi",USA,Joss Whedon,M,"Zak Penn, Joss Whedon","M, M",Marvel Studios,8.0,91%,91%,no,no,yes,"220,000,000.00"
10,Furious 7,"$1,515,341,399.00",2015,"Action, Crime, Thriller",USA,James Wan,M,Chris Morgan,M,"Original Film, One Race Films, MRC, China Film",7.1,82%,82%,yes,no,no,"190,000,000.00"
11,Frozen II,"$1,450,026,933.00",2019,"Animation, Adventure, Comedy",USA,"Chris Buck, Jennifer Lee","M, F",Jennifer Lee,F,"Walt Disney Pictures, Walt Disney Animation Studios",6.8,77%,92%,yes,no,no,"150,000,000.00"
12,Avengers: Age of Ultron,"$1,402,809,540.00",2015,"Action, Adventure, Sci-Fi",USA,Joss Whedon,M,Joss Whedon,M,Marvel Studios,7.3,76%,83%,yes,no,yes,"365,000,000.00"
13,Black Panther,"$1,347,597,973.00",2018,"Action, Adventure, Sci-Fi",USA,Ryan Coogler,M,"Ryan Coogler, Joe Robert Cole","M, M",Marvel Studios,7.3,96%,79%,no,no,yes,"200,000,000.00"
14,Harry Potter and the Deathly Hallows: Part 2,"$1,342,321,665.00",2011,"Adventure, Fantasy, Mystery","United Kingdom, USA",David Yates,M,Steve Kloves,M,"Warner Bros. Pictures, Heyday Films",8.1,96%,89%,yes,no,yes,"250,000,000.00"
15,Star Wars: Episode VIII - The Last Jedi,"$1,332,698,830.00",2017,"Action, Adventure, Fantasy",USA,Rian Johnson,M,Rian Johnson,M,Lucasfilm Ltd.,6.9,91%,42%,yes,no,no,"317,000,000.00"
16,Jurassic World: Fallen Kingdom,"$1,310,466,296.00",2018,"Action, Adventure, Sci-Fi",USA,J. A. Bayona,M,"Derek Connolly, Colin Trevorrow","M, M","Amblin Entertainment, Legendary Pictures, Perfect World Pictures, The Kennedy/Marshall Company",6.2,47%,48%,yes,no,yes,"187,000,000.00"
17,Frozen,"$1,281,508,100.00",2013,"Animation, Adventure, Comedy",USA,"Chris Buck, Jennifer Lee","M, F",Jennifer Lee,F,"Walt Disney Pictures, Walt Disney Animation Studios",7.4,90%,85%,no,no,no,"150,000,000.00"
18,Beauty and the Beast,"$1,273,576,220.00",2017,"Adventure, Family, Fantasy",USA,Bill Condon,M,"Stephen Chbosky, Evan Spiliotopoulos","M, M","Walt Disney Pictures, Mandeville Films",7.1,71%,80%,no,yes,yes,"160,000,000.00"
19,Incredibles 2,"$1,243,089,244.00",2018,"Animation, Action, Adventure",USA,Brad Bird,M,Brad Bird,M,"Walt Disney Pictures, Pixar Animation Studios",7.6,93%,84%,yes,no,no,"200,000,000.00"
20,The Fate of the Furious,"$1,236,005,118.00",2017,"Action, Crime, Thriller",USA,F. Gary Gray,M,Chris Morgan,M,"One Race Films, China Film",6.6,67%,72%,yes,no,no,"270,000,000.00"
21,Iron Man 3,"$1,214,811,252.00",2013,"Action, Adventure, Sci-Fi",USA,Shane Black,M,"Shane Black, Drew Pearce","M, M",Marvel Studios,7.1,79%,78%,yes,yes,yes,"200,000,000.00"
22,Minions,"$1,159,444,662.00",2015,"Animation, Adventure, Comedy",USA,"Pierre Coffin, Kyle Balda","M, M",,,Illumination Entertainment,6.4,55%,49%,yes,no,yes,"74,000,000.00"
23,Captain America: Civil War,"$1,153,337,496.00",2016,"Action, Adventure, Sci-Fi",USA,"Anthony Russo, Joe Russo","M, M",,,Marvel Studios,7.8,90%,89%,yes,no,yes,"250,000,000.00"
24,Aquaman,"$1,148,485,886.00",2018,"Action, Adventure. Fantasy",USA,James Wan,M,,,"Warner Bros. Pictures, DC Films",6.9,65%,73%,no,no,yes,"160,000,000.00"
25,The Lord of the Rings: The Return of the King,"$1,146,030,912.00",2003,"Action, Adventure, Drama","New Zealand, USA",Peter Jackson,M,,,"New Line Cinema, WingNut Films",8.9,93%,86%,yes,no,yes,"94,000,000.00"
26,Spider-Man: Far from Home,"$1,131,927,996.00",2019,"Action, Adventure, Sci-Fi",USA,Jon Watts,M,,,"Marvel Studios, Columbia Pictures, Pascal Pictures",7.4,90%,95%,yes,no,yes,"160,000,000.00"
27,Captain Marvel,"$1,128,462,972.00",2019,"Action, Adventure, Sci-Fi",USA,"Anna Boden, Ryan Fleck","F, M",,,Marvel Studios,6.8,79%,45%,no,no,yes,"152,000,000.00"
28,Transformers: Dark of the Moon,"$1,123,794,079.00",2011,"Action, Adventure, Sci-Fi",USA,Michael Bay,M,,,"Hasbro Films, Di Bonaventura Pictures",6.2,35%,55%,yes,no,yes,"195,000,000.00"
29,Skyfall,"$1,108,569,499.00",2012,"Action, Adventure, Thriller","United Kingdom, USA",Sam Mendes,M,,,"Eon Productions, Metro-Goldwyn-Mayer Pictures, Columbia Pictures",7.8,92%,86%,yes,no,yes,"200,000,000.00"
30,Transformers: Age of Extinction,"$1,104,054,072.00",2014,"Action, Adventure, Sci-Fi",USA,Michael Bay,M,,,"Hasbro Films, Di Bonaventura Pictures",5.6,17%,50%,yes,no,,"210,000,000.00"
31,Jurassic Park,"$1,099,428,303.00",1993,"Action, Adventure, Sci-Fi",USA,Steven Spielberg,M,,,"Universal Pictures, Amblin Entertainment",8.1,92%,91%,yes,no,,"63,000,000.00"
32,The Dark Knight Rises,"$1,081,142,612.00",2012,"Action, Crime, Drama","USA, United Kingdom",Christopher Nolan,M,,,Warner Bros. Pictures,8.4,87%,90%,yes,no,,"250,000,000.00"
33,Joker,"$1,074,419,384.00",2019,"Crime, Drama, Thriller",USA,Todd Phillips,M,,,"Warner Bros. Pictures, DC Films",8.4,68%,88%,no,no,,"55,000,000.00"
34,Star Wars: Episode IX - The Rise of Skywalker,"$1,074,149,279.00",2019,"Action, Adventure. Fantasy",USA,J. J. Abrams,M,,,"Lucasfilm Ltd., Bad Robot Productions",6.5,52%,86%,yes,no,,"275,000,000.00"
35,Toy Story 4,"$1,073,394,593.00",2019,"Animation, Adventure, Comedy",USA,Josh Cooley,M,,,"Walt Disney Pictures, Pixar Animation Studios",7.7,97%,94%,yes,no,,"200,000,000.00"
36,Toy Story 3,"$1,066,970,811.00",2010,"Animation, Adventure, Comedy",USA,Lee Unkrich,M,,,"Walt Disney Pictures, Pixar Animation Studios",8.2,98%,90%,yes,no,,"200,000,000.00"
37,Pirates of the Caribbean: Dead Man's Chest,"$1,066,179,747.00",2006,"Action, Adventure, Fantasy",USA,Gore Verbinski,M,,,"Walt Disney Pictures, Jerry Bruckheimer Films",7.3,53%,72%,yes,no,,"225,000,000.00"
38,The Lion King,"$1,063,611,805.00",1994,"Animation, Adventure, Drama",USA,"Roger Allers, Rob Minkoff","M, M",,,Walt Disney Pictures,8.5,93%,93%,no,no,,"45,000,000.00"
39,Rogue One: A Star Wars Story,"$1,056,057,720.00",2016,"Action, Adventure, Sci-Fi",USA,Gareth Edwards,M,,,Lucasfilm Ltd.,7.8,84%,86%,yes,no,,"220,000,000.00"
40,Aladdin,"$1,050,693,953.00",2019,"Adventure, Comedy, Family",USA,Guy Ritchie,M,,,"Walt Disney Pictures, Rideback",6.9,57%,94%,no,yes,,"183,000,000.00"
41,Pirates of the Caribbean: On Stranger Tides,"$1,045,713,802.00",2011,"Action, Adventure, Fantasy",USA,Rob Marshall,M,,,Walt Disney Pictures,6.6,33%,54%,yes,no,,"410,600,000.00"
42,Despicable Me 3,"$1,034,800,131.00",2017,"Animation, Adventure, Comedy",USA,"Kyle Balda, Pierre Coffin, Eric Guillon","M, M, M",,,"Universal Pictures, Illumination",6.3,59%,53%,yes,no,,"80,000,000.00"
43,Finding Dory,"$1,028,570,942.00",2016,"Animation, Adventure, Comedy",USA,Andrew Stanton,M,,,Walt Disney Pictures,7.3,94%,84%,yes,no,,"200,000,000.00"
44,Star Wars: Episode I - The Phantom Menace,"$1,027,082,707.00",1999,"Action, Adventure, Fantasy",USA,George Lucas,M,,,Lucasfilm Ltd.,6.5,52%,59%,yes,no,,"115,000,000.00"
45,Alice in Wonderland,"$1,025,468,216.00",2010,"Adventure, Family, Fantasy",USA,Tim Burton,M,,,"Walt Disney Pictures, Roth Films, The Zanuck Company",6.4,51%,55%,no,yes,,"200,000,000.00"
46,Zootopia,"$1,024,121,104.00",2016,"Animation, Adventure, Comedy",USA,"Byron Howard, Rich Moore","M, M",,,"Walt Disney Pictures, Walt Disney Animation Studios",8.0,98%,92%,no,no,,"150,000,000.00"
47,Harry Potter and the Sorcerer's Stone,"$1,017,694,007.00",2001,"Adventure, Family, Fantasy","United Kingdom, USA",Chris Columbus,M,,,"Warner Bros. Pictures, Heyday Films, 1492 Pictures",7.6,81%,82%,no,no,,"125,000,000.00"
48,The Hobbit: An Unexpected Journey,"$1,017,003,568.00",2012,"Adventure, Fantasy","New Zealand, USA",Peter Jackson,M,,,"Warner Bros. Pictures, New Line Cinema, Metro-Goldwyn-Mayer Pictures, WingNut Films",7.8,64%,83%,no,no,,"180,000,000.00"
49,The Dark Knight,"$1,005,973,645.00",2008,"Action, Crima, Drama","USA, United Kingdom",Christopher Nolan,M,,,"Warner Bros. Pictures, Legendary Pictures",9.0,94%,94%,no,yes,,"185,000,000.00"
50,Harry Potter and the Deathly Hallows: Part 1,"$977,043,483.00",2010,"Adventure, Family, Fantasy","United Kingdom, USA",David Yates,M,,,"Warner Bros. Pictures, Heyday Films",7.7,77%,85%,yes,no,,"250,000,000.00"
51,Despicable Me 2,"$970,766,005.00",2013,"Animation, Adventure, Comedy",USA,"Chris Renaud, Pierre Coffin","M, M",,,Illumination Entertainment,7.3,75,85,yes,no,,"76,000,000.00"
52,The Jungle Book,"$966,554,929.00",2016,"Adventure, Drama, Family",USA,Jon Favreau,M,,,"Walt Disney Pictures, Fairview Entertainment",7.4,94,86,no,yes,,"175,000,000.00"
53,Jumanji: Welcome to the Jungle,"$962,542,945.00",2017,"Action, Adventure, Comedy",USA,Jake Kasdan,M,,,"Columbia Pictures, Matt Tolmach Productions, Seven Buck Productions, Radar Productions",6.9,76,87,no,yes,,"90,000,000.00"
54,The Hobbit: The Battle of the Five Armies,"$962,182,865.00",2014,"Adventure, Fantasy","New Zealand, USA",Peter Jackson,M,,,"Warner Bros. Pictures, New Line Cinema, Metro-Goldwyn-Mayer Pictures, WingNut Films",7.4,59,74,yes,yes,,"250,000,000.00"
55,Pirates of the Caribbean: At World's End,"$960,996,492.00",2007,"Action, Adventure, Fantasy",USA,Gore Verbinski,M,,,"Walt Disney Pictures, Jerry Bruckheimer Films",7.1,44,72,yes,no,,"300,000,000.00"
56,The Hobbit: The Desolation of Smaug,"$959,007,513.00",2013,"Adventure, Fantasy","New Zealand, USA",Peter Jackson,M,,,"Warner Bros. Pictures, New Line Cinema, Metro-Goldwyn-Mayer Pictures, WingNut Films",7.8,74,85,yes,yes,,"225,000,000.00"
57,The Lord of the Rings: The Two Towers,"$947,495,095.00",2002,"Action, Adventure, Drama","New Zealand, USA",Peter Jackson,M,,,"New Line Cinema, WingNut Films",8.8,95,95,yes,yes,,"94,000,000.00"
58,Harry Potter and the Order of the Phoenix,"$942,172,396.00",2007,"Action, Adventure, Family","United Kingdom, USA",David Yates,M,,,"Warner Bros. Pictures, Heyday Films",7.5,77,81,yes,no,,"150,000,000.00"
59,Finding Nemo,"$940,352,645.00",2003,"Animation, Adventure, Comedy",USA,Andrew Stanton,M,,,"Walt Disney Pictures, Pixar Animation Studios",8.2,99,86,yes,no,,"94,000,000.00"
60,Harry Potter and the Half-Blood Prince,"$934,454,096.00",2009,"Action, Adventure, Family","United Kingdom, USA",David Yates,M,,,"Warner Bros. Pictures, Heyday Films",7.6,84,78,yes,no,,"250,000,000.00"
61,Shrek 2,"$928,760,770.00",2004,"Animation, Adventure, Comedy",USA,"Andrew Adamson, Kelly Asbury, Conrad Vernon","M, M, M",,,"Dreamworks Pictures, Dreamworks Animation",7.3,89,69,yes,no,,"150,000,000.00"
62,Bohemian Rhapsody,"$910,809,311.00",2018,"Biography, Drama, Music","United Kingdom, USA",Bryan Singer,M,,,"20th Century Fox, Regency Enterprises, GK Films, Queen Films",8.0,60,85,no,no,,"55,000,000.00"
63,The Battle at Lake Changjin,"$902,540,935.00",2021,"Action, Drama, History",China,"Chen Kaige, Tsui Hark, Dante Lam","M, M, M",,,"Bona Film Group, August First Film Studio, Alibaba Pictures, China Film Group Corporation",5.2,25,100,yes,no,,"200,000,000.00"
64,The Lord of the Rings: The Fellowship of the Ring,"$898,094,742.00",2001,"Action, Adventure, Drama","New Zealand, USA",Peter Jackson,M,,,"New Line Cinema, WingNut Films",8.9,91,95,yes,yes,,"93,000,000.00"
65,Harry Potter and the Goblet of Fire,"$896,678,241.00",2005,"Adventure, Family, Fantasy","United Kingdom, USA",Mike Newell,M,,,Warner Bros. Pictures,7.7,88,74,yes,no,,"150,000,000.00"
66,Spider-Man 3,"$894,983,373.00",2007,"Action, Adventure, Sci-Fi",USA,Sam Raimi,M,,,"Columbia Pictures, Marvel Enternainment, Laura Ziskin Productions",6.3,63,51,yes,yes,,"250,000,000.00"
67,Ice Age: Dawn of the Dinosaurs,"$886,686,817.00",2009,"Animation, Adventure, Comedy",USA,Carlos Saldanha,M,,,"Blue Sky Studios, 20th Century Fox Animation",6.9,46,62,yes,no,,"90,000,000.00"
68,Spectre,"$880,681,519.00",2015,"Action, Adventure, Thriller","United Kingdom, USA",Sam Mendes,M,,,"Eon Productions, Metro-Goldwyn-Mayer Pictures, Columbia Pictures",6.8,63,61,yes,yes,,"245,000,000.00"
69,Spider-Man: Homecoming,"$880,166,924.00",2017,"Action, Adventure, Sci-Fi",USA,Jon Watts,M,,,"Columbia Pictures, Marvel Studios, Pascal Pictures",7.4,92,87,yes,yes,,"175,000,000.00"
70,Harry Potter and the Chamber of Secrets,"$879,602,366.00",2002,"Adventure, Family, Fantasy","United Kingdom, USA",Chris Columbus,M,,,"Warner Bros. Pictures, Heyday Films, 1492 Pictures",7.4,82,80,yes,no,,"100,000,000.00"
71,Ice Age: Continental Drift,"$877,244,782.00",2012,"Animation, Adventure, Comedy",USA,"Steve Martino, Michael Thurmeier","M, M",,,"Blue Sky Studios, 20th Century Fox Animation",6.5,37,62,yes,no,,"95,000,000.00"
72,The Secret Life of Pets,"$875,458,631.00",2016,"Animation, Adventure, Comedy",USA,Chris Renaud ,M,,,Illumination Entertainment,6.5,72,62,yes,no,,"75,000,000.00"
73,Batman v Superman: Dawn of Justice,"$873,637,528.00",2016,"Action, Adventure, Sci-Fi",USA,Zack Snyder,M,,,"Atlas Entertainment, Cruel and Unusual Films",6.5,29,63,yes,yes,,"250,000,000.00"
74,Wolf Warrior 2,"$870,325,439.00",2017,"Action, Adventure, Drama",China,Wu Jing,M,,,"Deng Fend International Media, China Film Group, Bona Films",5.9,69,75,yes,no,,"30,000,000.00"
75,Star Wars: Episode III - Revenge of the Sith,"$868,390,560.00",2005,"Action, Adventure, Fantasy",USA,George Lucas,M,,,Lucasfilm Ltd.,7.6,80,66,yes,no,,"113,000,000.00"
76,The Hunger Games: Catching Fire,"$865,011,746.00",2013,"Action, Adventure, Drama",USA,Francis Lawrence,M,,,"Lionsgate, Color Force",7.5,90,89,yes,no,,"130,000,000.00"
77,Guardians of the Galaxy Vol. 2,"$863,756,051.00",2017,"Action, Adventure, Comedy",USA,James Gunn,M,,,Marvel Studios,7.6,85,87,yes,no,,"200,000,000.00"
78,Inside Out,"$858,848,019.00",2015,"Animation, Adventure, Comedy",USA,Pete Docter,M,,,"Walt Disney Pictures, Pixar Animation Studios",8.2,98,89,no,no,,"175,000,000.00"
79,Venom,"$856,085,151.00",2018,"Action, Adventure, Sci-Fi",USA,Ruben Fleischer,M,,,"Columbia Pictures, Marvel Entertainment, Tencent Pictures, Arad Productions, Pascal Pictures",6.7,30,81,yes,no,,"100,000,000.00"
80,Thor: Ragnarok,"$853,983,911.00",2017,"Action, Adventure, Comedy",USA,Taika Waititi,M,,,Marvel Studios,7.9,93,87,yes,no,,"180,000,000.00"
81,Inception,"$836,836,967.00",2010,"Action, Adventure, Sci-Fi","USA, United Kingdom",Christopher Nolan,M,,,"Warner Bros. Pictures, Legendary Pictures, Syncopy",8.8,87,91,no,no,,"160,000,000.00"
82,Transformers: Revenge of the Fallen,"$836,303,693.00",2009,"Action, Adventure, Sci-Fi",USA,Michael Bay,M,,,"Dreamworks Pictures, Hasbro, Di Bonaventura Pictures",6.0,20,57,yes,yes,,"200,000,000.00"
83,The Twilight Saga: Breaking Dawn - Part 2,"$829,747,654.00",2012,"Adventure, Drama, Fantasy",USA,Bill Condon,M,,,"Summit Entertainment, Sunswept Entertainment, Temple Hill Entertainment",5.6,49,70,yes,no,,"136,000,000.00"
84,Spider-Man,"$825,025,036.00",2002,"Action, Adventure, Sci-Fi",USA,Sam Raimi,M,,,"Columbia Pictures, Marvel Entertainment, Laura Ziskin Productions",7.4,90,67,yes,no,,"139,000,000.00"
85,Wonder Woman,"$822,824,522.00",2017,"Action, Adventure, Fantasy",USA,Patty Jenkins,F,,,"RatPac-Dune Entertainment, Tencent Pictures, Wanda Pictures, Atlas Entertainment, Cruel and Unusual Films",7.4,93,83,yes,yes,,"200,000,000.00"
86,"Hi, Mom","$822,009,764.00",2021,"Comedy, Romance",China,Ling Jia,F,,,"Beijing Jingxi Culture & Tourism Co. Ltd., Shanghai Ruyi Film & TV Production Ltd., Tianjin Maoyan Weiying Culture Media, Beijing Jingcai Time Culture Media, New Classic Media, Big Bowl Entertainment, Alibaba Pictures",7.0,-,-,no,no,,"59,000,000.00"
87,Independence Day,"$817,400,891.00",1996,"Action, Adventure, Sci-Fi",USA,Roland Emmerich,M,,,Centropolis Entertainment,7.0,68,75,yes,no,,"75,000,000.00"
88,Fantastic Beasts and Where to Find Them,"$814,044,001.00",2016,"Adventure, Family, Fantasy","United Kingdom, USA",David Yates,M,,,Heyday Films,7.3,74,79,yes,no,,"180,000,000.00"
89,Shrek the Third,"$813,367,380.00",2007,"Animation, Adventure, Comedy",USA,Chris Miller,M,,,"Dreamworks Animation, PDI/Dreamworks",6.1,41,52,yes,no,,"160,000,000.00"
90,Coco,"$807,817,888.00",2017,"Animation, Adventure, Comedy",USA,Lee Unkrich,M,,,"Walt Disney Pictures, Pixar Animation Studios",8.4,97,94,no,no,,"175,000,000.00"
91,Jumanji: The Next Level,"$800,059,707.00",2019,"Action, Adventure, Comedy",USA,Jake Kasdan,M,,,"Columbia Pictures, Seven Bucks Productions, Matt Tolmach Productions, The Detective Agency",6.7,71,87,yes,no,,"125,000,000.00"
92,Harry Potter and the Prisoner of Azkaban,"$797,361,618.00",2004,"Adventure, Family, Fantasy","United Kingdom, USA",Alfonso Cuaron,M,,,"Warner Bros. Pictures, Heyday Films, 1492 Pictures",7.9,90,86,yes,no,,"130,000,000.00"
93,Pirates of the Caribbean: Dead Men Tell No Tales,"$794,881,442.00",2017,"Action, Adventure, Fantasy",USA,"Joachim Rønning, Espen Sandberg","M, M",,,"Walt Disney Pictures, Jerry Bruckheimer Films",6.6,30,60,yes,no,,"230,000,000.00"
94,E.T. the Extra-Terrestrial,"$792,910,554.00",1982,"Adventure, Family, Sci-fi",USA,Steven Spielberg,M,,,Amblin Productions,7.9,99,72,no,no,,"10,500,000.00"
95,Mission: Impossible - Fallout,"$791,657,398.00",2018,"Action, Adventure, Thriller",USA,Christopher McQuarrie,M,,,"Skydance Media, Bad Robot Productions, TC Productions, Alibaba Pictures",7.7,97,88,yes,yes,,"178,000,000.00"
96,2012,"$791,217,826.00",2009,"Action, Adventure, Sci-Fi",USA,Roland Emmerich,M,,,"Columbia Pictures, Centropolis Entertainment",5.8,39,47,no,no,,"200,000,000.00"
97,Indiana Jones and the Kingdom of the Crystal Skull,"$790,653,942.00",2008,"Action, Adventure",USA,Steven Spielberg,M,,,"Lucasfilm Ltd., Paramount Pictures",6.2,78,53,yes,no,,"185,000,000.00"
98,Spider-Man 2,"$788,976,453.00",2004,"Action, Adventure, Sci-Fi",USA,Sam Raimi,M,,,"Columbia Pictures, Marvel Entertainment, Laura Ziskin Productions",7.1,93%,82%,yes,no,,"200,000,000.00"
99,Fast & Furious 6,"$788,680,968.00",2013,"Action, Crime, Thriller",USA,Justin Lin,M,,,"Original Film, One Race Films, Dentsu",7.1,71,84,yes,no,,"160,000,000.00"
100,Deadpool 2,"$785,896,609.00",2018,"Action, Adventure, Comedy",USA,David Leitch,M,,,"20th Century Fox, Marvel Entertainment, Kinberg Genre, Maximum Effort, The Donners Company, TSG Entertainment",7.7,84,85,yes,no,,"110,000,000.00"
101,Deadpool,"$782,836,791.00",2016,"Action, Adventure, Comedy",USA,Tim Miller,M,,,"20th Century Fox, Marvel Entertainment, Kinberg Genre, The Donners Company, TSG Entertainment",8.0,85,90,yes,no,,"58,000,000.00"
102,Star Wars: Episode IV - A New Hope,"$775,398,007.00",1977,"Action, Adventure, Fantasy",USA,George Lucas,M,,,Lucasfilm Ltd.,8.6,92,96,yes,no,,"11,000,000.00"
103,No Time to Die,"$774,153,007.00",2021,"Action, Adventure, Thriller","United Kingdom, USA",Cary Joji Fukunaga,M,,,"Metro-Goldwyn-Mayer, Eon Productions",7.3,83,88,yes,yes,,"300,000,000.00"
104,Guardians of the Galaxy,"$773,350,147.00",2014,"Action, Adventure, Comedy",USA,James Gunn,M,,,Marvel Studios,8.1,92,92,yes,no,,"232,000,000.00"
105,The Da Vinci Code,"$760,006,945.00",2006,"Mystery, Thriller",USA,Ron Howard,M,,,"Columbia Pictures, Imagine Entertainment, Skylark Productions",6.6,25,57,yes,no,,"125,000,000.00"
106,Fast & Furious Presents: Hobbs & Shaw,"$759,056,935.00",2019,"Action, Adventure, Thriller",USA,David Leitch,M,,,"Seven Bucks Productions, Chris Morgan Productions",6.5,67,88,yes,no,,"200,000,000.00"
107,Maleficent,"$758,411,779.00",2014,"Adventure, Family, Fantasy",USA,Robert Stromberg,M,,,"Walt Disney Pictures, Roth Films ",7.0,54,70,yes,yes,,"185,000,000.00"
108,The Amazing Spider-Man,"$757,930,663.00",2012,"Action, Adventure, Sci-Fi",USA,Marc Webb,M,,,"Columbia Pictures, Marvel Entertainment, Laura Ziskin Productions, Arad Productions Inc., Matt Tolmach Productions",7.0,72,77,yes,yes,,"230,000,000.00"
109,The Hunger Games: Mockingjay - Part 1,"$755,356,711.00",2014,"Action, Adventure, Sci-Fi",USA,Francis Lawrence,M,,,"Lionsgate, Color Force, Studio Babelsberg AG",6.6,69,71,yes,no,,"125,000,000.00"
110,Shrek Forever After,"$752,600,867.00",2010,"Animation, Adventure, Comedy",USA,Mike Mitchell,M,,,Dreamworks Animation ,6.3,58,54,yes,no,,"135,000,000.00"
111,Madagascar 3: Europe's Most Wanted,"$746,921,274.00",2012,"Animation, Adventure, Comedy",USA,"Eric Darnell, Conrad Vernon, Tom McGrath","M, M, M",,,"Dreamworks Animation, PDI/Dreamworks",6.8,78,72,yes,no,,"145,000,000.00"
112,Suicide Squad,"$746,846,894.00",2016,"Action, Adventure, Fantasy",USA,David Ayer,M,,,"RatPac-Dune Entertainment, DC Films, Atlas Entertainment",5.9,78,72,yes,no,,"185,000,000.00"
113,X-Men: Days of Future Past,"$746,045,700.00",2014,"Action, Adventure, Sci-Fi","USA, United Kingdom",Bryan Singer,M,,,"Marvel Entertainment, Bad Hat Harry, The Donners Company, Genre Films, TSG Entertainment",8.0,90,91,yes,no,,"220,000,000.00"
114,"The Chronicles of Narnia: The Lion, the Witch and the Wardrobe","$745,013,115.00",2005,"Adventure, Family, Fantasy","USA, United Kingdom",Andrew Adamson,M,,,"Walt Disney Pictures, Walden Media",6.9,76,61,yes,no,,"180,000,000.00"
115,Monsters University,"$743,559,645.00",2013,"Animation, Adventure, Comedy",USA,Dan Scanlon,M,,,"Walt Disney Pictures, Pixar Animation Studios",7.3,80,81,yes,no,,"200,000,000.00"
116,The Matrix Reloaded,"$741,847,937.00",2003,"Action, Sci-fi",USA,"Lana Wachowski, Lilly Wachowski","F, F",,,"Village Roadshow Pictures, NPV Entertainment, Silver Pictures",7.2,73,72,yes,no,,"150,000,000.00"
117,Up,"$735,099,102.00",2009,"Animation, Adventure, Comedy",USA,Pete Docter,M,,,"Walt Disney Pictures, Pixar Animation Studios",8.3,98,90,no,no,,"175,000,000.00"
118,Ne Zha,"$726,264,074.00",2019,"Animation, Action, Adventure",China,Yu Yang,M,,,Chengdu Coco Cartoon,7.4,88,98,yes,no,,"20,000,000.00"
119,F9: The Fast Saga,"$726,229,501.00",2021,"Action, Crime, Thriller","United Kingdom, USA, China",Justin Lin,M,,,"Original Film, One Race Films, Perfect Storm Entertainment, Roth/Kirschenbaum Films, China Film Co.",5.2,59,82,yes,no,,"225,000,000.00"
120,Gravity,"$723,192,705.00",2013,"Action, Drama, Sci-fi","USA, United Kingdom",Alfonso Cuaron,M,,,"Heyday Films, Esperando Filmoj",7.7,96,79,no,no,,"100,000,000.00"
121,Captain America: The Winter Soldier,"$714,421,503.00",2014,"Action, Adventure, Sci-Fi",USA,"Anthony Russo, Joe Russo","M, M",,,Marvel Studios,7.8,90,92,yes,no,,"170,000,000.00"
122,The Twilight Saga: Breaking Dawn - Part 1,"$712,205,856.00",2011,"Adventure, Drama, Fantasy",USA,Bill Condon,M,,,"Temple Hill Entertainment, Sunswept Entertainment",4.9,25,60,yes,no,,"127,000,000.00"
123,The Twilight Saga: New Moon,"$711,025,481.00",2009,"Adventure, Drama, Fantasy",USA,Chris Weitz,M,,,"Temple Hill Entertainment, Imprint Entertainment, Sunswept Entertainment",4.7,29,61,yes,no,,"50,000,000.00"
124,Dawn of the Planet of the Apes,"$710,644,566.00",2014,"Action, Adventure, Drama, Sci-Fi, Thriller",USA,Matt Reeves,M,,,"Chernin Entertainment, TSG Entertainment",7.6,90%,88%,no,no,,"170,000,000.00"
125,Transformers,"$709,709,780.00",2007,"Action, Adventure, Sci-Fi",USA,Michael Bay,M,,,"DreamWorks Pictures, Hasbro, Di Bonaventura Pictures",7.1,58%,85%,no,no,,"147,000,000.00"
126,The Amazing Spider-Man 2,"$708,982,323.00",2014,"Action, Adventure, Sci-Fi",USA,Marc Webb,M,,,"Columbia Pictures, Marvel Entertainment, Arad Productions Inc, Matt Tolmach Productions",6.6,51%,64%,yes,no,,"230,000,000.00"
127,It,"$701,796,444.00",2017,Horror,USA,Andy Muschietti,M,,,"New Line Cinema, RatPac Entertainment, Lin Pictures, Vertigo Entertainment, KatzSmith Productions",7.3,86%,84%,no,yes,,"35,000,000.00"
128,Interstellar,"$701,729,206.00",2014,"Adventure, Drama, Sci-Fi","United Kingdom, USA",Christopher Nolan,M,,,"Paramount Pictures, Warner Bros. Pictures, Legendary Pictures, Syncopy, Lynda Obst Productions",8.7,72%,86%,no,no,,"165,000,000.00"
129,The Wandering Earth,"$699,992,512.00",2019,"Action, Adventure, Sci-Fi, Thriller",China,Frant Gwo,M,,,China Film Group Corporation,5.9,71%,48%,no,no,,"50,000,000.00"
130,The Twilight Saga: Eclipse,"$698,491,347.00",2010,"Action, Adventure, Drama, Fantasy, Romance, Thriller",USA,David Slade,M,,,"Temple Hill Entertainment, Maverick Films, Imprint Entertainment, Sunswept Entertainment",5.0,48%,60%,yes,no,,"68,000,000.00"
131,Mission: Impossible - Ghost Protocol,"$694,713,380.00",2011,"Action, Adventure, Thriller",USA,Brad Bird,M,,,"Skydance Productions, TC Productions, Bad Robot Productions",7.4,93%,76%,yes,yes,,"145,000,000.00"
132,The Hunger Games,"$694,394,724.00",2012,"Action, Adventure, Sci-Fi, Thriller",USA,Gary Ross,M,,,"Lionsgate, Color Force",7.2,84%,81%,no,no,,"78,000,000.00"
133,Detective Chinatown 3,"$686,257,563.00",2021,"Action, Adventure, Comedy, Mystery",China,Chen Sicheng,M,,,"Wanda Pictures, Beijing Yitong Legend Films, China Film Co Ltd",5.6,60%,,yes,no,,"117,000,000.00"
134,Mission: Impossible - Rogue Nation,"$682,716,636.00",2015,"Action, Adventure, Thriller",USA,Christopher McQuarrie,M,,,"Skydance Productions, TC Productions, Bad Robot Productions",7.4,94%,87%,yes,yes,,"150,000,000.00"
135,Forrest Gump,"$678,226,133.00",1994,"Drama, Romance",USA,Robert Zemeckis,M,,,The Tisch Company,8.8,70%,95%,no,no,,"55,000,000.00"
136,Doctor Strange,"$677,796,076.00",2016,"Action, Adventure, Fantasy, Sci-Fi",USA,Scott Derrickson,M,,,"Walt Disney Studios, Motion Pictures",7.5,89,86,yes,no,,"165,000,000.00"
137,The Sixth Sense,"$672,806,432.00",1999,"Drama, Mystery, Thriller",USA,M. Night Shyamalan,M,,,"Hollywood Pictures, Spyglass Entertainment, The Kennedy/Marshall Company, Barry Mendel Productions",8.2,86%,90%,no,no,,"40,000,000.00"
138,Man of Steel,"$668,045,518.00",2013,"Action, Adventure, Sci-Fi","United Kingdom, USA",Zack Snyder,M,,,Syncopy,7.1,56%,75%,no,yes,,"225,000,000.00"
139,Ice Age: The Meltdown,"$667,094,506.00",2006,"Adventure, Animation, Comedy, Family",USA,Carlos Saldanha,M,,,"Blue Sky Studios, 20th Century Fox Animation",6.8,57%,71%,yes,no,,"80,000,000.00"
140,Kung Fu Panda 2,"$665,692,281.00",2011,"Action, Adventure, Animation, Comedy, Family, Fantasy",USA,Jennifer Yuh Nelson,F,,,DreamWorks Animation,7.2,80%,74%,yes,no,,"150,000,000.00"
141,The Hunger Games: Mockingjay - Part 2,"$658,344,137.00",2015,"Action, Adventure, Sci-Fi, Thriller",USA,Francis Lawrence,M,,,"Lionsgate, Color Force, Studio Babelsberg",6.5,69%,66%,yes,no,,"160,000,000.00"
142,Justice League,"$657,926,987.00",2017,"Action, Adventure, Fantasy, Sci-Fi",USA,Zack Snyder,M,,,"RatPac-Dune Entertainment, Atlas Entertainment, Cruel and Unusual Films",6.1,40%,69%,yes,no,,"300,000,000.00"
143,Big Hero 6,"$657,869,686.00",2014,"Action, Adventure, Animation, Comedy, Family, Sci-Fi",USA,"Don Hall, Chris Williams","M, M",,,"Walt Disney Pictures, Walt Disney Animation Studios",7.8,90%,91%,no,no,,"165,000,000.00"
144,Fantastic Beasts: The Crimes of Grindelwald,"$654,855,901.00",2018,"Adventure, Family, Fantasy","United Kingdom, USA",David Yates,M,,,Heyday Films,6.5,36%,54%,yes,no,,"200,000,000.00"
145,Pirates of the Caribbean: The Curse of the Black Pearl,"$654,264,015.00",2003,"Action, Adventure, Fantasy",USA,Gore Verbinski,M,,,"Walt Disney Pictures, Jerry Bruckheimer Films",8.1,80%,86%,yes,no,,"140,000,000.00"
146,Star Wars: Episode II - Attack of the Clones,"$653,779,970.00",2002,"Action, Adventure, Fantasy, Sci-Fi",USA,George Lucas,M,,,Lucasfilm Ltd.,6.6,65%,56%,yes,no,,"115,000,000.00"
147,Thor: The Dark World,"$644,783,140.00",2013,"Action, Adventure, Fantasy",USA,Alan Taylor,M,,,Marvel Studios,6.8,66%,75%,yes,no,,"150,000,000.00"
148,Moana,"$644,136,488.00",2016,"Adventure, Animation, Comedy, Family, Fantasy, Musical",USA,"Ron Clements, John Musker","M, M",,,"Walt Disney Pictures, Walt Disney Animation Studios",7.6,95%,89%,no,no,,"150,000,000.00"
149,Sing,"$634,208,384.00",2016,"Animation, Comedy, Family, Musical",USA,Garth Jennings,M,,,Illumination Entertainment,7.1,71%,72%,yes,no,,"75,000,000.00"
150,Kung Fu Panda,"$631,746,197.00",2008,"Action, Adventure, Animation, Comedy, Family, Fantasy",USA,"John Stevenson, Mark Osborne","M, M",,,DreamWorks Animation,7.6,87%,83%,yes,no,,"130,000,000.00"
151,The Incredibles,"$631,607,053.00",2004,"Action, Adventure, Animation, Family",USA,Brad Bird,M,,,"Walt Disney Pictures, Pixar Animation Studios",8.1,97%,75%,yes,no,,"92,000,000.00"
152,The Martian,"$630,162,448.00",2015,"Adventure, Drama, Sci-Fi","United Kingdom, USA",Ridley Scott,M,,,"Scott Free Productions, Kinberg Genre, TSG Entertainment",8.0,91%,91%,no,no,,"108,000,000.00"
153,Hancock,"$629,443,428.00",2008,"Action, Drama, Fantasy",USA,Peter Berg,M,,,"Relativity Media, Overbrook Entertainment, Weed Road Pictures, Forward Pass, Blue Light",6.4,41%,59%,no,no,,"150,000,000.00"
154,Fast Five,"$626,137,675.00",2011,"Action, Crime, Thriller",USA,Justin Lin,M,,,"Original Film, One Race Films",7.3,77%,83%,yes,no,,"125,000,000.00"
155,Men in Black 3,"$624,026,776.00",2012,"Action, Adventure, Comedy, Sci-Fi",USA,Barry Sonnenfeld,M,,,"Columbia Pictures, Hemisphere Media Capital, Marvel Entertainment, Amblin Entertainment, Funimation, P+M Image Nation, Imagenation Abu Dhabi",6.8,68%,70%,yes,no,,"215,000,000.00"
156,Iron Man 2,"$623,933,331.00",2010,"Action, Adventure, Sci-Fi",USA,Jon Favreau,M,,,Marvel Studios,7.0,72%,71%,yes,no,,"200,000,000.00"
157,Ratatouille,"$623,726,085.00",2007,"Adventure, Animation, Comedy, Family, Fantasy",USA,Brad Bird,M,,,"Walt Disney Pictures, Pixar Animation Studios",8.1,96%,87%,no,yes,,"150,000,000.00"
158,Ant-Man and the Wasp,"$622,674,139.00",2018,"Action, Adventure, Comedy, Sci-Fi",USA,Peyton Reed,M,,,Marvel Studios,7.0,87%,81%,yes,no,,"162,000,000.00"
159,How to Train Your Dragon 2,"$621,537,519.00",2014,"Action, Adventure, Animation, Comedy, Family, Fantasy",USA,"Chris Sanders, Dean DeBlois","M, M",,,DreamWorks Animation,8.1,99%,91%,yes,no,,"145,000,000.00"
160,Logan,"$619,179,950.00",2017,"Action, Drama, Sci-Fi, Thriller",USA,James Mangold,M,,,"20th Century Fox, Marvel Entertainment, Kinberg Genre, Hutch Parker, The Donners' Company, TSG Entertainment",8.1,94%,90%,yes,no,,"97,000,000.00"
161,The Lost World: Jurassic Park,"$618,638,999.00",1997,"Action, Adventure, Sci-Fi",USA,Steven Spielberg,M,,,"Universal Pictures, Amblin Entertainment",6.5,53%,51%,yes,no,,"73,000,000.00"
162,Casino Royale,"$616,502,912.00",2006,"Action, Adventure, Thriller","United Kingdom, USA, Czech Republic, Germany",Martin Campbell,M,,,"Eon Productions, Metro-Goldwyn-Mayer Pictures, Columbia Pictures",8.0,94%,90%,yes,yes,,"150,000,000.00"
163,The Passion of the Christ,"$612,054,506.00",2004,Drama,USA,Mel Gibson,M,,,Newmarket Films,7.2,49%,80%,no,no,,"30,000,000.00"
164,Mamma Mia!,"$611,257,819.00",2008,"Comedy, Musical, Romance","Germany, UK, USA",Phyllida Lloyd,F,,,"Relativity Media, Littlestar Productions, Playtone, Polar Music",6.5,55%,66%,yes,no,,"52,000,000.00"
165,Life of Pi,"$609,016,565.00",2012,"Adventure, Drama, Fantasy","United Kingdom, USA, Taiwan",Ang Lee,M,,,"Fox 2000 Pictures, Dune Entertainment, Ingenious Media, Haishang Films",7.9,86%,84%,no,no,,"120,000,000.00"
166,Transformers: The Last Knight,"$605,425,157.00",2017,"Action, Adventure, Sci-Fi",USA,Michael Bay,M,,,"Hasbro Films, Di Bonaventura Pictures, Bagboyent Media, Weying Galaxy, The H Collective",5.2,15%,43%,yes,yes,,"217,000,000.00"
167,Madagascar: Escape 2 Africa,"$603,900,354.00",2008,"Adventure, Animation, Comedy, Family",USA,"Eric Darnell, Tom McGrath","M, M",,,"DreamWorks Animation, Pacific Data Images",6.7,64%,66%,yes,no,,"150,000,000.00"
168,War of the Worlds,"$603,873,119.00",2005,"Action, Adventure, Sci-Fi",USA,Steven Spielberg,M,,,"Amblin Entertainment, Cruise/Wagner Productions",6.5,75%,42%,yes,yes,,"132,000,000.00"
169,Tangled,"$592,462,816.00",2010,"Adventure, Animation, Comedy, Family, Fantasy, Musical, Romance",USA,"Nathan Greno, Byron Howard","M, M",,,"Walt Disney Pictures, Walt Disney Animation Studios",7.8,89%,87%,yes,no,,"260,000,000.00"
170,Quantum of Solace,"$589,580,482.00",2008,"Action, Adventure, Thriller","United Kingdom, USA",Marc Forster,M,,,"Eon Productions, Metro-Goldwyn-Mayer Pictures, Columbia Pictures",6.6,64%,58%,yes,yes,,"220,000,000.00"
171,Men in Black,"$589,390,539.00",1997,"Action, Adventure, Comedy, Sci-Fi",USA,Barry Sonnenfeld,M,,,"Columbia Pictures, Amblin Entertainment, Parkes/MacDonald Productions",7.3,92%,79%,yes,no,,"90,000,000.00"
172,The Croods,"$587,235,983.00",2013,"Adventure, Animation, Comedy, Family, Fantasy",USA,"Chris Sanders, Kirk DeMicco","M, M",,,DreamWorks Animation,7.2,72%,77%,yes,no,,"65,000,000.00"
173,The Hangover Part II,"$586,764,305.00",2011,Comedy,USA,Todd Phillips,M,,,"Legendary Pictures, Green Hat Films, BenderSpink",6.5,34%,52%,yes,no,,"80,000,000.00"
174,Iron Man,"$585,796,247.00",2008,"Action, Adventure, Sci-Fi",USA,Jon Favreau,M,,,Marvel Studios,7.9,94%,91%,yes,yes,,"140,000,000.00"
175,I Am Legend,"$585,410,052.00",2007,"Action, Drama, Sci-Fi, Thriller",USA,Francis Lawrence,M,,,"Village Roadshow Pictures, Weed Road Pictures, Overbrook Entertainment, Heyday Films, Original Film",7.2,68%,68%,no,no,,"150,000,000.00"
176,Ready Player One,"$582,893,671.00",2018,"Action, Adventure, Sci-Fi",USA,Steven Spielberg,M,,,"Warner Bros. Pictures, Amblin Partners, Amblin Entertainment, Village Roadshow Pictures, De Line Pictures, Farah Films & Management",7.4,72%,77%,no,no,,"175,000,000.00"
177,"Monsters, Inc.","$579,707,738.00",2001,"Adventure, Animation, Comedy, Family, Fantasy",USA,Pete Docter,M,,,"Walt Disney Pictures, Pixar Animation Studios",8.1,96%,90%,no,no,,"115,000,000.00"
178,Operation Red Sea,"$579,330,426.00",2018,"Action, Drama, Thriller, War",China,Dante Lam,M,,,"Bona Film Group, Emperor Motion Pictures, Film Fireworks Production, Star Dream Studio Media",6.6,80%,64%,no,no,,"70,000,000.00"
179,Night at the Museum,"$574,481,229.00",2006,"Adventure, Comedy, Family, Fantasy","United Kingdom, USA",Shawn Levy,M,,,"20th Century Fox, 1492 Pictures, 21 Laps Entertainment",6.4,43%,67%,yes,no,,"110,000,000.00"
180,Fifty Shades of Grey,"$569,651,467.00",2015,"Drama, Romance, Thriller",USA,Sam Taylor-Johnson,M,,,"Focus Features, Michael De Luca Productions. Trigger Street Productions",4.2,25%,41%,yes,no,,"40,000,000.00"
181,Kong: Skull Island,"$566,652,812.00",2017,"Action, Adventure, Fantasy, Sci-Fi",USA,Jordan Vogt-Roberts,M,,,"Legendary Pictures, Tencent Pictures",6.7,75%,69%,yes,yes,,"185,000,000.00"
182,The Smurfs,"$563,749,323.00",2011,"Adventure, Animation, Comedy, Family, Fantasy",USA,Raja Gosnell,M,,,"Columbia Pictures, Sony Pictures Animation, Kerner Entertainment Company",5.4,21%,43%,yes,no,,"110,000,000.00"
183,Cars 2,"$559,852,396.00",2011,"Adventure, Animation, Comedy, Family, Sport",USA,John Lasseter,M,,,"Walt Disney Pictures, Pixar Animation Studios",6.2,39%,49%,yes,no,,"200,000,000.00"
184,King Kong,"$556,906,378.00",2005,"Action, Adventure, Drama, Romance","New Zealand, USA",Peter Jackson,M,,,"Universal Pictures, WingNut Films",7.2,84%,50%,yes,yes,,"207,000,000.00"
185,Puss in Boots,"$554,987,477.00",2011,"Adventure, Animation, Comedy, Family, Fantasy",USA,Chris Miller,M,,,DreamWorks Animation,6.6,86%,67%,no,yes,,"130,000,000.00"
186,The Mermaid,"$553,810,228.00",2016,"Comedy, Drama, Fantasy, Romance","China, Hong Kong",Stephen Chow,M,,,"China Film Group, Edko Films, The Star Overseas, Hehe (Shanghai) Pictures Co., Ltd, Beijing Enlight Pictures, Shanghai New Culture Media Group Co.,Ltd, Alibaba Pictures Group Limited, Shanghai Tianshi Media Co., Ltd, BinGo Group Co., Ltd, Alpha Pictures (Hong Kong) Co., Ltd.",6.2,95%,60%,no,no,,"61,000,000.00"
187,Armageddon,"$553,709,788.00",1998,"Action, Adventure, Sci-Fi, Thriller",USA,Michael Bay,M,,,"Touchstone Pictures, Jerry Bruckheimer Films, Valhalla Motion Pictures",6.7,38%,73%,no,no,,"140,000,000.00"
188,The Day After Tomorrow,"$552,639,571.00",2004,"Action, Adventure, Sci-Fi Thriller",USA,Roland Emmerich,M,,,"Centropolis Entertainment, Lions Gate Films, The Mark Gordon Company",6.4,45%,50%,no,no,,"125,000,000.00"
189,Ted,"$549,368,315.00",2012,Comedy,USA,Seth MacFarlane,M,,,"Media Rights Capital, Fuzzy Door Productions, Bluegrass Films, Smart Entertainment",6.9,69%,73%,yes,no,,"65,000,000.00"
190,American Sniper,"$547,426,372.00",2014,"Action, Biography, Drama, War",USA,Clint Eastwood,M,,,"Village Roadshow Pictures, RatPac-Dune Entertainment, Mad Chance Productions, 22nd & Indiana Pictures, Malpaso Productions",7.3,72%,84%,no,no,,"59,000,000.00"
191,Mission: Impossible II,"$546,388,108.00",2000,"Action, Adventure, Thriller","USA, Germany",John Woo,M,,,Cruise/Wagner Productions,6.1,57%,42%,yes,yes,,"125,000,000.00"
192,Detective Chinatown 2,"$544,185,156.00",2018,"Action, Comedy, Mystery",China,Chen Sicheng,M,,,"MM2 Entertainment, Wanda Pictures, Wuzhou Film Distribution",6.1,54%,68%,yes,no,,"63,000,000.00"
193,X-Men: Apocalypse,"$543,934,105.00",2016,"Action, Adventure, Sci-Fi",USA,Bryan Singer,M,,,"Marvel Entertainment, TSG Entertainment, Bad Hat Harry Productions, Kinberg Genre, The Donners' Company",6.9,47%,65%,yes,no,,"178,000,000.00"
194,Sherlock Holmes: A Game of Shadows,"$543,848,418.00",2011,"Action, Adventure, Mystery","United Kingdom, USA",Guy Ritchie,M,,,"Warner Bros. Pictures,  Village Roadshow Pictures,  Silver Pictures,  Wigram Productions",7.4,59%,77%,yes,yes,,"125,000,000.00"
195,Despicable Me,"$543,113,985.00",2010,"Adventure, Animation, Comedy, Crime, Family, Sci-Fi",USA,"Chris Renaud, Pierre Coffin","M, M",,,"Illumination Entertainment, Universal Pictures",7.6,81%,82%,yes,no,,"69,000,000.00"
196,Cinderella,"$542,358,331.00",2015,"Adventure, Drama, Family, Fantasy, Romance","United Kingdom, USA",Kenneth Branagh,M,,,"Walt Disney Pictures, Kinberg Genre, Allison Shearmur Productions, Beagle Pug Films",6.9,84%,78%,no,yes,,"95,000,000.00"
197,Madagascar,"$542,063,846.00",2005,"Adventure, Animation, Comedy, Family",USA,"Eric Darnell, Tom McGrath","M, M",,,"DreamWorks Animation, PDI/DreamWorks",6.9,55%,66%,yes,no,,"75,000,000.00"
198,World War Z,"$540,455,876.00",2013,"Action, Adventure, Horror, Sci-Fi",USA,Marc Forster,M,,,"Skydance Productions, Hemisphere Media Capital, GK Films, Plan B Entertainment, 2DUX²",7.0,66%,72%,no,no,,"190,000,000.00"
199,Brave,"$538,983,207.00",2012,"Adventure, Animation, Comedy, Family, Fantasy",USA,"Mark Andrews, Brenda Chapman","M, F",,,"Walt Disney Pictures, Pixar Animation Studios",7.1,78%,75%,no,no,,"185,000,000.00"
200,Star Wars: Episode V - The Empire Strikes Back,"$538,375,067.00",1980,"Action, Adventure, Fantasy, Sci-Fi",USA,Irvin Kershner,M,,,Lucasfilm Ltd.,8.7,94%,97%,yes,no,,"18,000,000.00"